naslov;izvajalec
Flashing Lights;Kanye West
Swimming Pools (Drank);Kendrick Lamar
Heartbeat;Childish Gambino
Ms. Jackson;OutKast
I Wonder;Kanye West
Fashion Killa;A$AP Rocky
All Falls Down;Kanye West
Gold Digger;Kanye West
Kiss Me Thru The Phone;Soulja Boy
Stronger;Kanye West
Homecoming;Kanye West
Alright;Kendrick Lamar
Touch the Sky;Kanye West
Meet Me Halfway;Black Eyed Peas
Pursuit of Happiness (Nightmare);Kid Cudi
Headlines;Drake
Swimming Pools (Drank) (extended version);Kendrick Lamar
21 Questions;50 Cent
Runaway;Kanye West
Bitch, Don’t Kill My Vibe;Kendrick Lamar
Trap Queen;Fetty Wap
Everything I Am;Kanye West
One Beer;MF DOOM
Paper Planes;M.I.A.
Can't Tell Me Nothing;Kanye West
Without Me;Eminem
Poetic Justice;Kendrick Lamar
POWER;Kanye West
Low (feat. T-Pain);Flo Rida
Dark Fantasy;Kanye West
Champion;Kanye West
Pump It;Black Eyed Peas
It Was A Good Day;Ice Cube
HUMBLE.;Kendrick Lamar
A.D.H.D;Kendrick Lamar
In Da Club;50 Cent
DNA.;Kendrick Lamar
The Way I Are;Timbaland
Empire State of Mind;JAY-Z
So Fresh, So Clean;OutKast
All of the Lights;Kanye West
Good Life;Kanye West
The Real Slim Shady;Eminem
Hoe Cakes;MF DOOM
Black and Yellow;Wiz Khalifa
Hot in Herre;Nelly
King Kunta;Kendrick Lamar
Stereo Hearts (feat. Adam Levine);Gym Class Heroes
Bad Girls;M.I.A.
Through the Wire;Kanye West
Marvins Room;Drake
Rock That Body;Black Eyed Peas
The Spins;Mac Miller
Smack That;Akon
The World Is Yours;Nas
Best I Ever Had;Drake
Sunflower - Spider-Man: Into the Spider-Verse;Post Malone
Answer;Tyler, The Creator
Stan;Eminem
N.Y. State of Mind;Nas
All Caps;Madvillain
Hotel Room Service;Pitbull
93 'til Infinity;Souls of Mischief
Where Is the Love;Black Eyed Peas
Hate It Or Love It;The Game
Lose Yourself;Eminem
Good Morning;Kanye West
Black Skinhead;Kanye West
Backseat Freestyle;Kendrick Lamar
Needed Me;Rihanna
Peso;A$AP Rocky
Do for Love;2Pac
Jesus Walks;Kanye West
212 (feat. Lazy Jay);Azealia Banks
Till I Collapse;Eminem
Sabotage;Beastie Boys
Mr. Rager;Kid Cudi
Feel Good Inc.;Gorillaz
Sad!;XXXTENTACION
On Sight;Kanye West
Still D.R.E.;Dr. Dre
Slow Jamz;Twista
Heard 'Em Say;Kanye West
Insane in the Brain;Cypress Hill
My Humps;Black Eyed Peas
Airplanes (feat. Hayley Williams);B.o.B
Many Men (Wish Death);50 Cent
Electric Relaxation;A Tribe Called Quest
You Know How We Do It;Ice Cube
I've Seen Footage;Death Grips
Mockingbird;Eminem
Money Trees;Kendrick Lamar
Roses;Kanye West
Whistle;Flo Rida
Luxury;Azealia Banks
Beautiful;Snoop Dogg
Dilemma;Nelly
P.I.M.P.;50 Cent
Imma Be;Black Eyed Peas
Promiscuous;Nelly Furtado
The Show Goes On;Lupe Fiasco
Heartless;Kanye West
Family Business;Kanye West
Can I Kick It?;A Tribe Called Quest
Fazers;King Geedorah
Two Words;Kanye West
Work Out;J. Cole
Hell of a Life;Kanye West
ATLiens;OutKast
Moonlight;XXXTENTACION
Hotline Bling;Drake
Addiction;Kanye West
These Walls;Kendrick Lamar
Ambitionz az a Ridah;2Pac
Forever;Drake
Yonkers;Tyler, The Creator
Crosshairs;DANGERDOOM
Roses;OutKast
Good Feeling;Flo Rida
Get Got;Death Grips
She;Tyler, The Creator
Lonely;Akon
The New Workout Plan;Kanye West
Love Lockdown;Kanye West
Big Brother;Kanye West
Jazz (We've Got);A Tribe Called Quest
It Ain't Hard to Tell;Nas
Runnin';The Pharcyde
Baby Got Back;Sir Mix-A-Lot
Window Shopper;50 Cent
Spaceship;Kanye West
November Has Come;Gorillaz
Drive Slow;Kanye West
Let Me Blow Ya Mind;Eve
Paranoid;Kanye West
"Nuthin' But a ""G"" Thang";Dr. Dre
The Glory;Kanye West
Meat Grinder;Madvillain
Grindin';Clipse
Jocelyn Flores;XXXTENTACION
Momma;Kendrick Lamar
Rhymes Like Dimes;MF DOOM
See You Again (feat. Charlie Puth);Wiz Khalifa
International Love (feat. Chris Brown);Pitbull
Clint Eastwood;Gorillaz
Fire Burning;Sean Kingston
Whatever You Like;T.I.
Hol' Up;Kendrick Lamar
Check the Rhime;A Tribe Called Quest
No Sleep Till Brooklyn;Beastie Boys
We Don't Care;Kanye West
Hip 2 Da Game;Lord Finesse
The Next Episode;Dr. Dre
Ready or Not;Fugees
Ms. Fat Booty;Mos Def
Forgot About Dre;Dr. Dre
Bound 2;Kanye West
Full Clip;Gang Starr
Kick, Push;Lupe Fiasco
Lost in the World;Kanye West
Represent;Nas
Survival of the Fittest;Mobb Deep
Drop It Like It's Hot;Snoop Dogg
Dangerous;Kardinal Offishall
The Monster;Eminem
Black Widow;Iggy Azalea
Up Up & Away;Kid Cudi
Just a Dream;Nelly
I Wanna Love You;Akon
Gin and Juice;Snoop Dogg
Shook Ones, Pt. II;Mobb Deep
Miami;Will Smith
My Name Is;Eminem
Protect Ya Neck;Wu-Tang Clan
Keep Their Heads Ringin';Dr. Dre
HiiiPoWeR;Kendrick Lamar
Remember the Name (feat. Styles of Beyond);Fort Minor
Sing About Me, I'm Dying of Thirst;Kendrick Lamar
Eye Know;De La Soul
Welcome To Heartbreak;Kanye West
Always On Time;Ja Rule
Find a Way;A Tribe Called Quest
Changes;2Pac
Run This Town;JAY-Z
Over;Drake
Figaro;Madvillain
Crank That (Soulja Boy);Soulja Boy
Run to the Sun;N*E*R*D
Sing for the Moment;Eminem
Buggin' Out;A Tribe Called Quest
Work It;Missy Elliott
Soundtrack 2 My Life;Kid Cudi
Accordion;Madvillain
You Know What;N*E*R*D
Get Ur Freak On;Missy Elliott
Shut Up;Black Eyed Peas
How to Love;Lil Wayne
Last Call;Kanye West
Fu-Gee-La;Fugees
Practice;Drake
Rap God;Eminem
Halftime;Nas
Memory Lane (Sittin' in da Park);Nas
Anaconda;Nicki Minaj
Gettin' Jiggy Wit It;Will Smith
Make Her Say;Kid Cudi
Suga Suga;Baby Bash
Goldie;A$AP Rocky
Don't Phunk with My Heart;Black Eyed Peas
What's the Difference;Dr. Dre
Above The Clouds;Gang Starr
Baby's on Fire;Die Antwoord
I Cry;Flo Rida
Celebration;Kanye West
Regulate;Warren G
Lapdance;N*E*R*D
I Got 5 On It;Luniz
Rosa Parks;OutKast
m.A.A.d city;Kendrick Lamar
Mojo So Dope;Kid Cudi
Sofa King;DANGERDOOM
Excursions;A Tribe Called Quest
Mass Appeal;Gang Starr
Mathematics;Mos Def
You Got Me;The Roots
This Could Be Us;Rae Sremmurd
Amazing;Kanye West
Disco Inferno;50 Cent
Dead Presidents II;JAY-Z
Locked Up;Akon
The Way I Am;Eminem
Breakadawn;De La Soul
Carry Out (Featuring Justin Timberlake);Timbaland
Wu-Tang Clan Ain't Nuthing Ta F' Wit;Wu-Tang Clan
Put It On;Big L
BedRock;Young Money
How We Do;The Game
Beggin (Original Version);Madcon
Kon Queso;MF DOOM
Shoop;Salt-N-Pepa
The Resistance;Drake
Nas Is Like;Nas
Sterrenstof;De Jeugd van Tegenwoordig
Rhinestone Eyes;Gorillaz
I'm Sprung;T-Pain
Gucci Gucci;Kreayshawn
The Hop;A Tribe Called Quest
School Spirit;Kanye West
Shame on a Nigga;Wu-Tang Clan
Da Mystery of Chessboxin';Wu-Tang Clan
Diva;Beyoncé
Bring da Ruckus;Wu-Tang Clan
Pitbull Terrier;Die Antwoord
Nice for What;Drake
Curls;Madvillain
Gangsta's Paradise;Coolio
Fight for Your Right;Beastie Boys
If I Can't;50 Cent
Arson;j-hope
rockstar (feat. 21 Savage);Post Malone
Beef Rapp;MF DOOM
Brass Monkey;Beastie Boys
Shimmy Shimmy Ya;Ol' Dirty Bastard
Superman;Eminem
Need to Know;Doja Cat
Dance With the Devil;Immortal Technique
1991;Azealia Banks
Poison;Bell Biv DeVoe
Coldest Winter;Kanye West
Tron Cat;Tyler, The Creator
Who Will Survive in America;Kanye West
Love Yourz;J. Cole
Thrift Shop (feat. Wanz);Macklemore & Ryan Lewis
Purple Swag;A$AP Rocky
Hits from the Bong;Cypress Hill
Hip Hop;Mos Def
Kill You;Eminem
The Seed (2.0);The Roots
Don't Cry;J Dilla
Sure Shot;Beastie Boys
The Fever (Aye Aye);Death Grips
Bass Down Low;Dev
Show Me a Good Time;Drake
Straight Outta Compton;N.W.A
N 2 Gether Now;Limp Bizkit
Method Man;Wu-Tang Clan
I Get Around;2Pac
RoboCop;Kanye West
Complexion (A Zulu Love);Kendrick Lamar
Hustle Bones;Death Grips
Awkward;Tyler, The Creator
Deep Fried Frenz;MF DOOM
When I'm Gone;Eminem
No Type;Rae Sremmurd
I Wish;Skee-Lo
Business;Eminem
Sky Might Fall;Kid Cudi
Bonita Applebum;A Tribe Called Quest
No Role Modelz;J. Cole
Who's That Girl?;Eve
Tamale;Tyler, The Creator
Crazy in Love (feat. JAY-Z);Beyoncé
Doomsday;MF DOOM
Solo Dolo (Nightmare);Kid Cudi
good kid;Kendrick Lamar
Rhinestone Cowboy;Madvillain
Shadowboxin';GZA/Genius
Cleanin' Out My Closet;Eminem
99 Problems;JAY-Z
What They Do;The Roots
Superfast Jellyfish;Gorillaz
Love the Way You Lie;Eminem
Temperature;Sean Paul
Girls;Beastie Boys
Domo23;Tyler, The Creator
DENIAL IS A RIVER;Doechii
Moment Of Truth;Gang Starr
Wild Ones (feat. Sia);Flo Rida
Bananza (Belly Dancer);Akon
Candy Shop;50 Cent
Remember You (feat. The Weeknd);Wiz Khalifa
Role Model;Eminem
4th Chamber;GZA/Genius
Right Round;Flo Rida
Work;Gang Starr
Fuck You;Dr. Dre
They Reminisce Over You (T.R.O.Y.);Pete Rock & C.L. Smooth
Just Lose It;Eminem
Rebirth of Slick (Cool Like Dat);Digable Planets
Long Live A$AP;A$AP Rocky
Money Folder;Madvillain
Roman Holiday;Nicki Minaj
Just A Lil Bit;50 Cent
Dear Mama;2Pac
i;Kendrick Lamar
Aquemini;OutKast
Right Thurr;Chingy
GO!;Common
Where I'm From;Digable Planets
Paris, Tokyo;Lupe Fiasco
Tequila Sunrise;Cypress Hill
Simon Says;Pharoahe Monch
Don't Sweat the Technique;Eric B. & Rakim
Blood on the Leaves;Kanye West
X Gon' Give It To Ya;DMX
Oh Shit;The Pharcyde
So What'cha Want;Beastie Boys
Niggas in Paris;JAY-Z & Kanye West
Houstatlantavegas;Drake
Marijuana;Kid Cudi
Return of the Tres;Delinquent Habits
Ugly Boy;Die Antwoord
I Like It (I Wanna Be Where You Are);Grand Puba
Party Up;DMX
The Thrill;Wiz Khalifa
They Say;Common
Praise the Lord (Da Shine) (feat. Skepta);A$AP Rocky
Killing Me Softly with His Song;Fugees
Pigs;Tyler, The Creator
Elevators (Me & You);OutKast
Me Myself and I;De La Soul
Don't Stop the Party (feat. TJR);Pitbull
Lights Please;J. Cole
Passin' Me By;The Pharcyde
The Nosebleed Section;Hilltop Hoods
Tha Crossroads;Bone Thugs-N-Harmony
Bitch Please II;Eminem
Just A Friend;Biz Markie
Big Pimpin';JAY-Z
Sherane a.k.a Master Splinter’s Daughter;Kendrick Lamar
Crazy;Gnarls Barkley
Steve Biko (Stir It Up);A Tribe Called Quest
We Major;Kanye West
Daydreamin' (feat. Jill Scott);Lupe Fiasco
Get Money;Junior M.A.F.I.A.
Sound of da Police;KRS-One
Heart of the City (Ain't No Love);JAY-Z
Boom Boom Pow;Black Eyed Peas
Harder Than You Think;Public Enemy
48;Tyler, The Creator
Jump Around;House of Pain
Get It Together;Beastie Boys
Rack City;Tyga
No Diggity;Blackstreet
The Cage;Death Grips
She Wants to Move;N*E*R*D
Thieves In The Night;Black Star
How Much a Dollar Cost;Kendrick Lamar
U Can't Touch This;MC Hammer
No Hands (feat. Roscoe Dash & Wale);Waka Flocka Flame
Signs;Snoop Dogg
UMI Says;Mos Def
Express Yourself;N.W.A
SpottieOttieDopaliscious;OutKast
Rock the House;Gorillaz
Young Boy;Clipse
New Slaves;Kanye West
1st of tha Month;Bone Thugs-N-Harmony
Beautiful;Eminem
Vaudeville Villain;Viktor Vaughn
Ridin';Chamillionaire
Say You Will;Kanye West
London Bridge;Fergie
I Don't Fuck with You;Big Sean
Saint Pablo;Kanye West
Mind Playing Tricks on Me;Geto Boys
Tearz;Wu-Tang Clan
Handlebars;Flobots
L.E.S.;Childish Gambino
Blackjack;Death Grips
Flowers;Nujabes
I Fink U Freeky;Die Antwoord
Hey Mama;Black Eyed Peas
Sex With Me;Rihanna
Ayo Technology;50 Cent
The Prayer;Kid Cudi
Berzerk;Eminem
Reflection Eternal;Nujabes
Moment 4 Life;Nicki Minaj
Who Got da Props;Black Moon
Hip Hop Hooray;Naughty By Nature
Don't Lie;Black Eyed Peas
Street Talkin';Slick Rick
Guilty Conscience;Eminem
Prototype;OutKast
Rap Promoter;A Tribe Called Quest
Coming Home;Diddy - Dirty Money
Two Dope Boyz (In a Cadillac);OutKast
Wow.;Post Malone
The Watcher;Dr. Dre
The Corner;Common
LVL;A$AP Rocky
Blunt Blowin;Lil' Wayne
Go With The Flow;MF DOOM
Guillotine;Death Grips
Astronomy (8th Light);Black Star
Get Down;Nas
Provider;N*E*R*D
Big City Life;Mattafix
Mama Said Knock You Out;LL Cool J
The Truth;Handsome Boy Modeling School
Circles;Post Malone
Dirt off Your Shoulder;JAY-Z
Break Ya Neck;Busta Rhymes
Criminal;Eminem
Lean Back;Terror Squad
Lone;Tyler, The Creator
Crack Music;Kanye West
You;Lloyd
Let's Get It Started;Black Eyed Peas
Pink Venom;BLACKPINK
The Genesis;Nas
You Ain't Gotta Lie (Momma Said);Kendrick Lamar
Lucifer;JAY-Z
Chun-Li;Nicki Minaj
The Message;Nas
Up North Trip;Mobb Deep
Definition;Black Star
None Shall Pass;Aesop Rock
Shorty Wanna Be a Thug;2Pac
1, 2 Step (feat. Missy Elliott);Ciara
Counting Stars;Nujabes
Shake Your Rump;Beastie Boys
Show Me (feat. Chris Brown);Kid Ink
Opposite of Adults;Chiddy Bang
3030;Deltron 3030
Hustlin';Rick Ross
Appetite for Destruction;N.W.A
The Next Movement;The Roots
Like a Boy;Ciara
One Time 4 Your Mind;Nas
Hit 'Em Up - Single Version;2Pac
Crack a Bottle;Eminem
Look What You've Done;Drake
Day 'n' Nite;Kid Cudi
Ride Wit Me;Nelly
So Many Tears;2Pac
Superstar (feat. Matthew Santos);Lupe Fiasco
Confident;Justin Bieber
Zealots;Fugees
Mistadobalina;Del Tha Funkee Homosapien
Beggin';Madcon
I Left My Wallet in El Segundo;A Tribe Called Quest
Because I Got High;Afroman
Hurricane;Kanye West
Living in the World Today;GZA/Genius
Rompe;Daddy Yankee
Get Low;Lil Jon & The East Side Boyz
Bucktown;Smif-n-Wessun
Thuggish Ruggish Bone;Bone Thugs-N-Harmony
Drug Ballad;Eminem
Punk Weight;Death Grips
Fall In Love;Slum Village
Area Codes;Ludacris
Clan in da Front;Wu-Tang Clan
Give It To Me;Timbaland
You Can Do It;Ice Cube
Mastermind;Deltron 3030
Faithful;Common
No Sleep;Wiz Khalifa
Concrete Schoolyard;Jurassic 5
Jazzy Belle;OutKast
Hip-Hop;dead prez
The Message;Dr. Dre
Hey Mama;Kanye West
Drop;The Pharcyde
Marshall Mathers;Eminem
When The Shit Goes Down;Cypress Hill
Wheelz of Steel;OutKast
Poo-Putt Platter;MF DOOM
Bad News;Kanye West
Cinderella Man;Eminem
Rapper's Delight;The Sugarhill Gang
Brooklyn Zoo;Ol' Dirty Bastard
MVP;Big L
When the Last Time;Clipse
Soldier;Eminem
Liquorice;Azealia Banks
Donald Trump;Mac Miller
Won't Do;J Dilla
Jettin';Digable Planets
Where The Hood At;DMX
Eazy-Duz-It;Eazy-E
The Final View;Nujabes
Children's Story;Slick Rick
Fire Fly;Childish Gambino
Shake That;Eminem
Beat Laments the World;Nujabes
Little Bit (feat. Lykke Li);Drake
Double Helix;Death Grips
Rockstar;Lisa
Fast Lane;Bad Meets Evil
Bust a Move;Young M.C.
Not Like Us;Kendrick Lamar
Mirror;Lil' Wayne
REVOFEV;Kid Cudi
Loungin';Guru
You Know My Steez;Gang Starr
Intergalactic;Beastie Boys
Chanel;Frank Ocean
Roll Up;Wiz Khalifa
Wanksta;50 Cent
Get Dis Money;Slum Village
Be (Intro);Common
Spaghetti Junction;OutKast
Flamboyant;Big L
Take You There;Sean Kingston
Acid Raindrops;People Under the Stairs
Summertime;DJ Jazzy Jeff & The Fresh Prince
Purple Pills;D12
Fireworks;Drake
Who Knew;Eminem
Kiss Kiss (feat. T-Pain);Chris Brown
Tambourine;Eve
Glamorous;Fergie
Livin' It Up;Ja Rule
Respiration;Black Star
Poppin' Them Thangs;G-Unit
Real People;Common
El Chupa Nibre;DANGERDOOM
So Good;B.o.B
It Wasn't Me;Shaggy
Intro;OutKast
Fuck tha Police;N.W.A
Ether;Nas
How Many Mics;Fugees
Crumblin' Erb;OutKast
Southernplayalisticadillacmuzik;OutKast
Cold World;GZA/Genius
Square Dance;Eminem
Work Hard, Play Hard;Wiz Khalifa
Street Struck;Big L
Speed Law;Mos Def
Liquid Swords;GZA/Genius
Buddah Lovaz;Bone Thugs-N-Harmony
Let's Get Blown;Snoop Dogg
Mr. Me Too;Clipse
What's Golden;Jurassic 5
Keep Ya Head Up;2Pac
Jestem bogiem;Paktofonika
Colossus;Tyler, The Creator
High All The Time;50 Cent
Things Are Getting Better;N*E*R*D
Comfortable;Lil' Wayne
Make Some Noise;Beastie Boys
Code Of The Streets;Gang Starr
Come Get Her;Rae Sremmurd
Thank Me Now;Drake
4 Better Or 4 Worse;The Pharcyde
Duel of the Iron Mic;GZA/Genius
What Up Gangsta;50 Cent
Street Dreams;Nas
Rock Bottom;Eminem
Jump;Kris Kross
Alive (Nightmare);Kid Cudi
Feel So Good;Mase
Nightmares of the Bottom;Lil' Wayne
Whatta Man;Salt-N-Pepa
Tumblr Girls (feat. Christoph Andersson);G-Eazy
Act A Fool;Ludacris
Freek-A-Leek;Petey Pablo
Vibes and Stuff;A Tribe Called Quest
Nikes on My Feet;Mac Miller
Family Affair;Mary J. Blige
Fit But You Know It;The Streets
Survival;Eminem
Forever;Chris Brown
FXCK UP THE WORLD (Vixi Solo Version);Lisa
This Is America;Childish Gambino
White America;Eminem
I Wanna Get High;Cypress Hill
Fuck Wit Dre Day (And Everybody's Celebratin');Dr. Dre
I'm Back;Eminem
Murder Was The Case;Snoop Dogg
Izzo (H.O.V.A.);JAY-Z
Root Down;Beastie Boys
Otha Fish;The Pharcyde
Just Don't Give a Fuck;Eminem
One;Ghostface Killah
Slam;Onyx
System Blower;Death Grips
Wanna Get To Know You;G-Unit
My Band;D12
Collard Greens;ScHoolboy Q
LOYALTY. FEAT. RIHANNA.;Kendrick Lamar
Around The Way Girl;LL Cool J
Beez in the Trap;Nicki Minaj
Hurt Me Soul;Lupe Fiasco
Down With The Trumpets;Rizzle Kicks
Doing It Wrong;Drake
Over My Dead Body;Drake
changes;XXXTENTACION
Pour It Up;Rihanna
Hey!;MF DOOM
Testify;Common
Ya Mama;The Pharcyde
Flute Loop;Beastie Boys
Coolie High;Camp Lo
The Choice Is Yours (Revisited);Black Sheep
Fight the Power;Public Enemy
JFK 2 LAX;Gang Starr
Encore;JAY-Z
Ass Like That;Eminem
Mama Do The Hump;Rizzle Kicks
Rather Unique;AZ
Better Now;Post Malone
Brown Skin Lady;Black Star
Mince Meat;DANGERDOOM
Ch-Check It Out;Beastie Boys
Look at Me!;XXXTENTACION
Things You Can Do;Deltron 3030
Fly;Nicki Minaj
Live and Let Live;Souls of Mischief
When I B On Tha Mic;Rakim
How I Could Just Kill a Man;Cypress Hill
Brain Damage;Eminem
Me Against the World;2Pac
Dynamite!;The Roots
Moment In Time;The Pharcyde
Virus;Deltron 3030
Quiet Storm;Mobb Deep
Paul Revere;Beastie Boys
Hard Knock Life (Ghetto Anthem);JAY-Z
Heart of a Lion (Kid Cudi Theme Music);Kid Cudi
Let Me Ride;Dr. Dre
Anti-Matter;King Geedorah
He Got Game;Public Enemy
Rhymin & Stealin;Beastie Boys
Benz Truck (гелик);Lil Peep
What You Know;T.I.
Feel Me Flow;Naughty By Nature
Rigamortus;Kendrick Lamar
Still Don't Give a Fuck;Eminem
APESHIT;The Carters
Sooner or Later;N*E*R*D
Started from the Bottom;Drake
Resurrection;Common
Let 'Em Know;Souls of Mischief
Feeling Myself;Nicki Minaj
Beauty and a Beat;Justin Bieber
BAD!;XXXTENTACION
Sucka Nigga;A Tribe Called Quest
Infinite;Eminem
Chum;Earl Sweatshirt
Yeah! (feat. Lil Jon & Ludacris);Usher
Two Can Win;J Dilla
Chwile ulotne;Paktofonika
Trouble On My Mind;Pusha T
Diamonds From Sierra Leone;Kanye West
Xxplosive;Dr. Dre
Hood Politics;Kendrick Lamar
Gimme Some More;Busta Rhymes
Bistro;Madvillain
Oh Boy;Cam'ron
Egg Man;Beastie Boys
WAP (feat. Megan Thee Stallion);Cardi B
Goodbyes (feat. Young Thug);Post Malone
Brooklyn's Finest;JAY-Z
Sensual Seduction;Snoop Dogg
Do It Now;Mos Def
Politics As Usual;JAY-Z
In My Dreams (Cudder Anthem);Kid Cudi
Lose Control (feat. Ciara & Fat Man Scoop);Missy Elliott
Ghetto;Akon
GHOST!;Kid Cudi
Time's Up;O.C.
Let's Ride;Q-Tip
Ignorance Is Bliss;Kendrick Lamar
Bobby James;N*E*R*D
Teach Me How To Dougie;Cali Swag District
We Can Get Down;A Tribe Called Quest
Love;Mos Def
I Ain't Goin' Out Like That;Cypress Hill
MC's Act Like They Don't Know;KRS-One
Yikes;Kanye West
Right Round (feat. Ke$ha);Flo Rida
Brain;N*E*R*D
House of Balloons / Glass Table Girls;The Weeknd
Daylight;Aesop Rock
Hey Ladies;Beastie Boys
Morning After Dark (Featuring Nelly Furtado & SoShy);Timbaland
Bite Me;ENHYPEN
Get By;Talib Kweli
Fight Music;D12
Big Ego's;Dr. Dre
Big Fish;Vince Staples
White Walls (feat. ScHoolboy Q & Hollis);Macklemore & Ryan Lewis
Suddenly;A$AP Rocky
Chonkyfire;OutKast
Patiently Waiting;50 Cent
Hustler's Ambition;50 Cent
Red Velvet;OutKast
Young Forever;JAY-Z
Wesley's Theory;Kendrick Lamar
West Savannah;OutKast
My Chick Bad;Ludacris
Hacker;Death Grips
FXCK UP THE WORLD (feat. Future);Lisa
Get Em High;Kanye West
Babylon;OutKast
Intro;De La Soul
Lifesaver;Guru
Song Cry;JAY-Z
Can't Knock The Hustle;JAY-Z
Blame Game;Kanye West
Spaz;N*E*R*D
Gold Watch;Lupe Fiasco
She Said;The Pharcyde
8 Steps To Perfection;Company Flow
Witness (1 Hope);Roots Manuva
Re:Definition;Black Star
Illusions;Cypress Hill
Change Clothes;JAY-Z
Perfect Hair;DANGERDOOM
"A Roller Skating Jam Named ""Saturdays""";De La Soul
U Don't Know;JAY-Z
Paid in Full;Eric B. & Rakim
Check Out Time;2Pac
Positive Contact;Deltron 3030
Bang Bang;Dr. Dre
The Way You Move (feat. Sleepy Brown);OutKast
Phresh Out the Runway;Rihanna
Simple As...;Kid Cudi
Lost Boys;Death Grips
PARIS;$uicideboy$
With You;Chris Brown
Players;Slum Village
The Light;Common
White Iverson;Post Malone
Don't Matter;Akon
?;OutKast
A Milli;Lil Wayne
Jak zapomnieć;Jeden Osiem L
Can't C Me;2Pac
Ring-a-Ling;Black Eyed Peas
Lyrics to Go;A Tribe Called Quest
Bring the Noise;Public Enemy
When It Rains It Pours;50 Cent
Hit 'Em Up Style (Oops!);Blu Cantrell
SWEET SPOT;Justin Bieber
My Dad's Gone Crazy;Eminem
What?;A Tribe Called Quest
The Fine Print;King Geedorah
Bitch Please;Death Grips
Bluebird;One Self
Back That Azz Up;Juvenile
Holy Grail;JAY-Z
Stakes Is High;De La Soul
Smoke Buddah;Redman
Brooklyn;Mos Def
West Savannah (feat. SZA);Isaiah Rashad
Swing;Savage
Foreword (feat. Rex Orange County);Tyler, The Creator
Bring The Pain;Method Man
Ain't Sayin' Nothin' New;The Roots
Next Levels;King Geedorah
Institutionalized;Kendrick Lamar
Goblin;Tyler, The Creator
Walk It Out;Unk
In the Morning;J. Cole
Time Keeps on Slipping;Deltron 3030
Snap Yo Fingers;Lil Jon
Milkshake;Kelis
Ho Happy Jackie;AZ
Grown Up;Danny Brown
I Can;Nas
Unhappy;OutKast
Going Through Changes;Eminem
God Lives Through;A Tribe Called Quest
Down & Out;Kid Cudi
No Endz, No Skinz;Big L
Double Trouble;The Roots
I'm a Thug;Trick Daddy
Wu-Tang: 7th Chamber;Wu-Tang Clan
I'm On One;DJ Khaled
Find Your Love;Drake
My Mom;Eminem
Party Like A Rock Star;Shop Boyz
The Panties;Mos Def
I Gotcha;Lupe Fiasco
Lemonade;Gucci Mane
God's Plan;Drake
It Ain't Easy;2Pac
Kookies;MF DOOM
Beware;Big Punisher
So Sick;Ne-Yo
Bartender (feat. Akon);T-Pain
Rock N Roll;Mos Def
N95;Kendrick Lamar
Walkin On Water;Stray Kids
E.I.;Nelly
Angels;A$AP Rocky
Hail Mary;2Pac
Excuse Me Miss;JAY-Z
Ghetto Gospel;2Pac
Put It On Me;Ja Rule
The Chase, Part II;A Tribe Called Quest
I Like It;Cardi B
Children's Story;Black Star
Busta's Lament;A Tribe Called Quest
Make Your Mind Up;Souls of Mischief
This Way;Dilated Peoples
I Get Money;50 Cent
Gold;GZA/Genius
Alive;Black Eyed Peas
Subirusdoistiozin;Criolo
Under Ground Kings;Drake
8 Million Stories;A Tribe Called Quest
Time: The Donut of the Heart;J Dilla
Hey Ma;Cam'ron
If I Had;Eminem
I'm Supposed to Die Tonight;50 Cent
The New Style;Beastie Boys
Juicy;The Notorious B.I.G.
1977;Ana Tijoux
Stir Fry;Migos
Drank In My Cup;Kirko Bangz
Come Close;Common
Live Your Life;T.I.
Phoenix;A$AP Rocky
The Start of Your Ending (41st Side);Mobb Deep
Stay Fly;Three 6 Mafia
Luck Of Lucien;A Tribe Called Quest
Skypager;A Tribe Called Quest
Looking Down the Barrel of a Gun;Beastie Boys
Clap Your Hands;A Tribe Called Quest
Throw It in the Bag;Fabolous
I'm Goin In;Drake
Gas Drawls;MF DOOM
My Love (feat. T.I.);Justin Timberlake
Hot-n-Fun;N*E*R*D
Can It Be All So Simple;Wu-Tang Clan
She's Crafty;Beastie Boys
Ghost Town;Kanye West
Fuck Up the Fun;Azealia Banks
Rebel Without a Pause;Public Enemy
Dancing In The Rain;Blu & Exile
Yo (Excuse Me Miss);Chris Brown
Chief Rocka;Lords of the Underground
Fuck That;Death Grips
Ghettomusick;OutKast
Dreams;The Game
Hard;Rihanna
STICKY (feat. GloRilla, Sexyy Red & Lil Wayne);Tyler, the Creator
Desperado;Rihanna
Super Bass;Nicki Minaj
Madness;Deltron 3030
Take It Off;De La Soul
Lost;Frank Ocean
Hold It Now, Hit It;Beastie Boys
American Boy;Estelle
The Ghetto;Too $hort
Y?;The Pharcyde
Pray for Me (with Kendrick Lamar);The Weeknd
Can't Hold Us (feat. Ray Dalton);Macklemore
The Humpty Dance;Digital Underground
Can't Hold Us (feat. Ray Dalton);Macklemore & Ryan Lewis
I Used to Love H.E.R.;Common
Callaita;Bad Bunny
K.O.S. (Determination);Black Star
Don't Believe the Hype;Public Enemy
Say Goodbye Hollywood;Eminem
Straight to the Bank;50 Cent
Memory Loss;Deltron 3030
Fear Not of Man;Mos Def
Oldie;OFWGKTA
Real Muthaphuckkin G's;Eazy-E
Over and Over;Nelly
I'm Shady;Eminem
Richman;3OH!3
Como Eu Te Quero;Black Alien
All Girls Are the Same;Juice WRLD
Save That Shit;Lil Peep
The Rain (Supa Dupa Fly);Missy Elliott
Black Ego;Digable Planets
The Mask;Fugees
D'Evils;JAY-Z
Step into a World (Rapture's Delight);KRS-One
My Way Home;Kanye West
Catch A Bad One;Del Tha Funkee Homosapien
Drips;Eminem
Push It;Salt-N-Pepa
Rainbows;Madvillain
Hey Lover;LL Cool J
Car Thief;Beastie Boys
Crush on You;Lil' Kim
Gimme Your's;AZ
Gz and Hustlas;Snoop Dogg
Vivrant Thing;Q-Tip
Go Hard (La.La.La);Kreayshawn
Missing You;Black Eyed Peas
Run the Jewels;Run the Jewels
This Is How We Do It;Montell Jordan
Old School;2Pac
If I Die 2Nite;2Pac
Insane;Eminem
Slip Out The Back (Feat. Mr. Hahn);Fort Minor
Shootouts;Nas
The Sounds of Science;Beastie Boys
Right Thru Me;Nicki Minaj
Tha Shiznit;Snoop Dogg
Lil' Ghetto Boy;Dr. Dre
Put On;Young Jeezy
The Story of O.J.;JAY-Z
Say No Go;De La Soul
Straighten It Out;Pete Rock & C.L. Smooth
New World Water;Mos Def
Foe Tha Love of $;Bone Thugs-N-Harmony
Turn the Page;The Streets
Worst Comes To Worst;Dilated Peoples
Ice Ice Baby;Vanilla Ice
Shadrach;Beastie Boys
Cold Wind Blows;Eminem
23;Mike Will Made-It
What I'm Here 4;Gang Starr
Incarcerated Scarfaces;Raekwon
Magic Stick;Lil' Kim
All Black;Big L
Investigative Reports;GZA/Genius
List of Demands (Reparations);Saul Williams
W.T.P.;Eminem
High Plains Drifter;Beastie Boys
Planet Rock;Afrika Bambaataa
Rollout (My Business);Ludacris
Break from Toronto;PARTYNEXTDOOR
Zucker (feat. Vanessa Mason);Peter Fox
Temptations;2Pac
Legacy;Eminem
Get Spanish;De Jeugd van Tegenwoordig
Schlechtes Vorbild;Sido
Christ Conscious;Joey Bada$$
Don't Say Nuthin';The Roots
Lodi Dodi;Snoop Dogg
Best Love Song;T-Pain
Hello;Eminem
November 18th;Drake
Baby Doll;N*E*R*D
You Ain't A Killer;Big Punisher
Allure;JAY-Z
Guess Who's Back;Rakim
The Format;AZ
Best Friend (feat. Doja Cat);Saweetie
Jeopardy;Run the Jewels
Battlecry;Nujabes
Now You're Mine;Gang Starr
Microphone Mathematics;Quasimoto
Come Baby Come;K7
Get Back;Ludacris
Kim;Eminem
Amityville;Eminem
Danger Zone;Big L
Nowiny;Paktofonika
Beware;Big Sean
Energy;Drake
No Scrubs;TLC
Da Joint;EPMD
Red And Gold;MF DOOM
Hypnotize;The Notorious B.I.G.
Like Toy Soldiers;Eminem
I Fall Apart;Post Malone
